rank,station_id,line_order,line_label,station_name,average_minutes,sample_size
1,1056,1,1号线,人民广场,10.8,21
2,2064,2,2号线,人民广场,10.8,21
3,8001,8,8号线,人民广场,10.8,21
4,2065,2,2号线,南京东路,11.1,21
5,10003,10,10号线,南京东路,11.1,21
6,2063,2,2号线,静安寺,11.4,21
7,1055,1,1号线,汉中路,12.1,21
8,1057,1,1号线,陕西南路,12.6,21
9,10002,10,10号线,陕西南路,12.6,21
10,2062,2,2号线,中山公园,13.0,21
11,4001,4,4号线,中山公园,13.0,21
12,1054,1,1号线,上海火车站,14.0,21
13,4002,4,4号线,上海火车站,14.0,21
14,2066,2,2号线,陆家嘴,14.2,21
15,1058,1,1号线,徐家汇,15.4,21
16,9001,9,9号线,徐家汇,15.4,21
17,2067,2,2号线,世纪大道,16.0,21
18,4003,4,4号线,世纪大道,16.0,21
19,9002,9,9号线,世纪大道,16.0,21
20,10004,10,10号线,五角场,27.2,21
21,2061,2,2号线,虹桥火车站,29.0,21
22,10001,10,10号线,虹桥火车站,29.0,21
