from_id,from_line_order,from_line_label,from_name,to_id,to_line_order,to_line_label,to_name,status,duration_seconds,duration_minutes,summary,reason
1054,1,1号线,上海火车站,1054,1,1号线,上海火车站,self,0,0,同一起点,
1054,1,1号线,上海火车站,1055,1,1号线,汉中路,done,180,3,约3分钟,
1054,1,1号线,上海火车站,1056,1,1号线,人民广场,done,420,7,约7分钟,
1054,1,1号线,上海火车站,1057,1,1号线,陕西南路,done,720,12,约12分钟,
1054,1,1号线,上海火车站,1058,1,1号线,徐家汇,done,960,16,约16分钟,
1054,1,1号线,上海火车站,2061,2,2号线,虹桥火车站,done,1920,32,约32分钟,
1054,1,1号线,上海火车站,2062,2,2号线,中山公园,done,720,12,约12分钟,
1054,1,1号线,上海火车站,2063,2,2号线,静安寺,done,600,10,约10分钟,
1054,1,1号线,上海火车站,2064,2,2号线,人民广场,done,420,7,约7分钟,
1054,1,1号线,上海火车站,2065,2,2号线,南京东路,done,480,8,约8分钟,
1054,1,1号线,上海火车站,2066,2,2号线,陆家嘴,done,900,15,约15分钟,
1054,1,1号线,上海火车站,2067,2,2号线,世纪大道,done,1020,17,约17分钟,
1054,1,1号线,上海火车站,8001,8,8号线,人民广场,done,420,7,约7分钟,
1054,1,1号线,上海火车站,10001,10,10号线,虹桥火车站,done,1920,32,约32分钟,
1054,1,1号线,上海火车站,10002,10,10号线,陕西南路,done,720,12,约12分钟,
1054,1,1号线,上海火车站,10003,10,10号线,南京东路,done,480,8,约8分钟,
1054,1,1号线,上海火车站,10004,10,10号线,五角场,done,1800,30,约30分钟,
1054,1,1号线,上海火车站,4001,4,4号线,中山公园,done,720,12,约12分钟,
1054,1,1号线,上海火车站,4002,4,4号线,上海火车站,done,300,5,约5分钟,
1054,1,1号线,上海火车站,4003,4,4号线,世纪大道,done,1020,17,约17分钟,
1054,1,1号线,上海火车站,9001,9,9号线,徐家汇,done,960,16,约16分钟,
1054,1,1号线,上海火车站,9002,9,9号线,世纪大道,done,1020,17,约17分钟,
1055,1,1号线,汉中路,1054,1,1号线,上海火车站,done,180,3,约3分钟,
1055,1,1号线,汉中路,1055,1,1号线,汉中路,self,0,0,同一起点,
1055,1,1号线,汉中路,1056,1,1号线,人民广场,done,300,5,约5分钟,
1055,1,1号线,汉中路,1057,1,1号线,陕西南路,done,600,10,约10分钟,
1055,1,1号线,汉中路,1058,1,1号线,徐家汇,done,840,14,约14分钟,
1055,1,1号线,汉中路,2061,2,2号线,虹桥火车站,done,1800,30,约30分钟,
1055,1,1号线,汉中路,2062,2,2号线,中山公园,done,600,10,约10分钟,
1055,1,1号线,汉中路,2063,2,2号线,静安寺,done,480,8,约8分钟,
1055,1,1号线,汉中路,2064,2,2号线,人民广场,done,300,5,约5分钟,
1055,1,1号线,汉中路,2065,2,2号线,南京东路,done,360,6,约6分钟,
1055,1,1号线,汉中路,2066,2,2号线,陆家嘴,done,720,12,约12分钟,
1055,1,1号线,汉中路,2067,2,2号线,世纪大道,done,900,15,约15分钟,
1055,1,1号线,汉中路,8001,8,8号线,人民广场,done,300,5,约5分钟,
1055,1,1号线,汉中路,10001,10,10号线,虹桥火车站,done,1800,30,约30分钟,
1055,1,1号线,汉中路,10002,10,10号线,陕西南路,done,600,10,约10分钟,
1055,1,1号线,汉中路,10003,10,10号线,南京东路,done,360,6,约6分钟,
1055,1,1号线,汉中路,10004,10,10号线,五角场,done,1680,28,约28分钟,
1055,1,1号线,汉中路,4001,4,4号线,中山公园,done,600,10,约10分钟,
1055,1,1号线,汉中路,4002,4,4号线,上海火车站,done,180,3,约3分钟,
1055,1,1号线,汉中路,4003,4,4号线,世纪大道,done,900,15,约15分钟,
1055,1,1号线,汉中路,9001,9,9号线,徐家汇,done,840,14,约14分钟,
1055,1,1号线,汉中路,9002,9,9号线,世纪大道,done,900,15,约15分钟,
1056,1,1号线,人民广场,1054,1,1号线,上海火车站,done,420,7,约7分钟,
1056,1,1号线,人民广场,1055,1,1号线,汉中路,done,300,5,约5分钟,
1056,1,1号线,人民广场,1056,1,1号线,人民广场,self,0,0,同一起点,
1056,1,1号线,人民广场,1057,1,1号线,陕西南路,done,480,8,约8分钟,
1056,1,1号线,人民广场,1058,1,1号线,徐家汇,done,720,12,约12分钟,
1056,1,1号线,人民广场,2061,2,2号线,虹桥火车站,done,1680,28,约28分钟,
1056,1,1号线,人民广场,2062,2,2号线,中山公园,done,540,9,约9分钟,
1056,1,1号线,人民广场,2063,2,2号线,静安寺,done,360,6,约6分钟,
1056,1,1号线,人民广场,2064,2,2号线,人民广场,done,300,5,约5分钟,
1056,1,1号线,人民广场,2065,2,2号线,南京东路,done,240,4,约4分钟,
1056,1,1号线,人民广场,2066,2,2号线,陆家嘴,done,480,8,约8分钟,
1056,1,1号线,人民广场,2067,2,2号线,世纪大道,done,720,12,约12分钟,
1056,1,1号线,人民广场,8001,8,8号线,人民广场,done,300,5,约5分钟,
1056,1,1号线,人民广场,10001,10,10号线,虹桥火车站,done,1680,28,约28分钟,
1056,1,1号线,人民广场,10002,10,10号线,陕西南路,done,480,8,约8分钟,
1056,1,1号线,人民广场,10003,10,10号线,南京东路,done,240,4,约4分钟,
1056,1,1号线,人民广场,10004,10,10号线,五角场,done,1500,25,约25分钟,
1056,1,1号线,人民广场,4001,4,4号线,中山公园,done,540,9,约9分钟,
1056,1,1号线,人民广场,4002,4,4号线,上海火车站,done,420,7,约7分钟,
1056,1,1号线,人民广场,4003,4,4号线,世纪大道,done,720,12,约12分钟,
1056,1,1号线,人民广场,9001,9,9号线,徐家汇,done,720,12,约12分钟,
1056,1,1号线,人民广场,9002,9,9号线,世纪大道,done,720,12,约12分钟,
1057,1,1号线,陕西南路,1054,1,1号线,上海火车站,done,720,12,约12分钟,
1057,1,1号线,陕西南路,1055,1,1号线,汉中路,done,600,10,约10分钟,
1057,1,1号线,陕西南路,1056,1,1号线,人民广场,done,480,8,约8分钟,
1057,1,1号线,陕西南路,1057,1,1号线,陕西南路,self,0,0,同一起点,
1057,1,1号线,陕西南路,1058,1,1号线,徐家汇,done,300,5,约5分钟,
1057,1,1号线,陕西南路,2061,2,2号线,虹桥火车站,done,1680,28,约28分钟,
1057,1,1号线,陕西南路,2062,2,2号线,中山公园,done,600,10,约10分钟,
1057,1,1号线,陕西南路,2063,2,2号线,静安寺,done,360,6,约6分钟,
1057,1,1号线,陕西南路,2064,2,2号线,人民广场,done,480,8,约8分钟,
1057,1,1号线,陕西南路,2065,2,2号线,南京东路,done,540,9,约9分钟,
1057,1,1号线,陕西南路,2066,2,2号线,陆家嘴,done,900,15,约15分钟,
1057,1,1号线,陕西南路,2067,2,2号线,世纪大道,done,1020,17,约17分钟,
1057,1,1号线,陕西南路,8001,8,8号线,人民广场,done,480,8,约8分钟,
1057,1,1号线,陕西南路,10001,10,10号线,虹桥火车站,done,1680,28,约28分钟,
1057,1,1号线,陕西南路,10002,10,10号线,陕西南路,done,300,5,约5分钟,
1057,1,1号线,陕西南路,10003,10,10号线,南京东路,done,540,9,约9分钟,
1057,1,1号线,陕西南路,10004,10,10号线,五角场,done,1560,26,约26分钟,
1057,1,1号线,陕西南路,4001,4,4号线,中山公园,done,600,10,约10分钟,
1057,1,1号线,陕西南路,4002,4,4号线,上海火车站,done,720,12,约12分钟,
1057,1,1号线,陕西南路,4003,4,4号线,世纪大道,done,1020,17,约17分钟,
1057,1,1号线,陕西南路,9001,9,9号线,徐家汇,done,300,5,约5分钟,
1057,1,1号线,陕西南路,9002,9,9号线,世纪大道,done,1020,17,约17分钟,
1058,1,1号线,徐家汇,1054,1,1号线,上海火车站,done,960,16,约16分钟,
1058,1,1号线,徐家汇,1055,1,1号线,汉中路,done,840,14,约14分钟,
1058,1,1号线,徐家汇,1056,1,1号线,人民广场,done,720,12,约12分钟,
1058,1,1号线,徐家汇,1057,1,1号线,陕西南路,done,300,5,约5分钟,
1058,1,1号线,徐家汇,1058,1,1号线,徐家汇,self,0,0,同一起点,
1058,1,1号线,徐家汇,2061,2,2号线,虹桥火车站,done,1800,30,约30分钟,
1058,1,1号线,徐家汇,2062,2,2号线,中山公园,done,720,12,约12分钟,
1058,1,1号线,徐家汇,2063,2,2号线,静安寺,done,600,10,约10分钟,
1058,1,1号线,徐家汇,2064,2,2号线,人民广场,done,720,12,约12分钟,
1058,1,1号线,徐家汇,2065,2,2号线,南京东路,done,840,14,约14分钟,
1058,1,1号线,徐家汇,2066,2,2号线,陆家嘴,done,1200,20,约20分钟,
1058,1,1号线,徐家汇,2067,2,2号线,世纪大道,done,1080,18,约18分钟,
1058,1,1号线,徐家汇,8001,8,8号线,人民广场,done,720,12,约12分钟,
1058,1,1号线,徐家汇,10001,10,10号线,虹桥火车站,done,1800,30,约30分钟,
1058,1,1号线,徐家汇,10002,10,10号线,陕西南路,done,300,5,约5分钟,
1058,1,1号线,徐家汇,10003,10,10号线,南京东路,done,840,14,约14分钟,
1058,1,1号线,徐家汇,10004,10,10号线,五角场,done,1800,30,约30分钟,
1058,1,1号线,徐家汇,4001,4,4号线,中山公园,done,720,12,约12分钟,
1058,1,1号线,徐家汇,4002,4,4号线,上海火车站,done,960,16,约16分钟,
1058,1,1号线,徐家汇,4003,4,4号线,世纪大道,done,1080,18,约18分钟,
1058,1,1号线,徐家汇,9001,9,9号线,徐家汇,done,300,5,约5分钟,
1058,1,1号线,徐家汇,9002,9,9号线,世纪大道,done,1080,18,约18分钟,
2061,2,2号线,虹桥火车站,1054,1,1号线,上海火车站,done,1920,32,约32分钟,
2061,2,2号线,虹桥火车站,1055,1,1号线,汉中路,done,1800,30,约30分钟,
2061,2,2号线,虹桥火车站,1056,1,1号线,人民广场,done,1680,28,约28分钟,
2061,2,2号线,虹桥火车站,1057,1,1号线,陕西南路,done,1680,28,约28分钟,
2061,2,2号线,虹桥火车站,1058,1,1号线,徐家汇,done,1800,30,约30分钟,
2061,2,2号线,虹桥火车站,2061,2,2号线,虹桥火车站,self,0,0,同一起点,
2061,2,2号线,虹桥火车站,2062,2,2号线,中山公园,done,1080,18,约18分钟,
2061,2,2号线,虹桥火车站,2063,2,2号线,静安寺,done,1500,25,约25分钟,
2061,2,2号线,虹桥火车站,2064,2,2号线,人民广场,done,1680,28,约28分钟,
2061,2,2号线,虹桥火车站,2065,2,2号线,南京东路,done,1800,30,约30分钟,
2061,2,2号线,虹桥火车站,2066,2,2号线,陆家嘴,done,2100,35,约35分钟,
2061,2,2号线,虹桥火车站,2067,2,2号线,世纪大道,done,2280,38,约38分钟,
2061,2,2号线,虹桥火车站,8001,8,8号线,人民广场,done,1680,28,约28分钟,
2061,2,2号线,虹桥火车站,10001,10,10号线,虹桥火车站,done,300,5,约5分钟,
2061,2,2号线,虹桥火车站,10002,10,10号线,陕西南路,done,1680,28,约28分钟,
2061,2,2号线,虹桥火车站,10003,10,10号线,南京东路,done,1800,30,约30分钟,
2061,2,2号线,虹桥火车站,10004,10,10号线,五角场,done,2400,40,约40分钟,
2061,2,2号线,虹桥火车站,4001,4,4号线,中山公园,done,1080,18,约18分钟,
2061,2,2号线,虹桥火车站,4002,4,4号线,上海火车站,done,1920,32,约32分钟,
2061,2,2号线,虹桥火车站,4003,4,4号线,世纪大道,done,2280,38,约38分钟,
2061,2,2号线,虹桥火车站,9001,9,9号线,徐家汇,done,1800,30,约30分钟,
2061,2,2号线,虹桥火车站,9002,9,9号线,世纪大道,done,2280,38,约38分钟,
2062,2,2号线,中山公园,1054,1,1号线,上海火车站,done,720,12,约12分钟,
2062,2,2号线,中山公园,1055,1,1号线,汉中路,done,600,10,约10分钟,
2062,2,2号线,中山公园,1056,1,1号线,人民广场,done,540,9,约9分钟,
2062,2,2号线,中山公园,1057,1,1号线,陕西南路,done,600,10,约10分钟,
2062,2,2号线,中山公园,1058,1,1号线,徐家汇,done,720,12,约12分钟,
2062,2,2号线,中山公园,2061,2,2号线,虹桥火车站,done,1080,18,约18分钟,
2062,2,2号线,中山公园,2062,2,2号线,中山公园,self,0,0,同一起点,
2062,2,2号线,中山公园,2063,2,2号线,静安寺,done,300,5,约5分钟,
2062,2,2号线,中山公园,2064,2,2号线,人民广场,done,540,9,约9分钟,
2062,2,2号线,中山公园,2065,2,2号线,南京东路,done,600,10,约10分钟,
2062,2,2号线,中山公园,2066,2,2号线,陆家嘴,done,960,16,约16分钟,
2062,2,2号线,中山公园,2067,2,2号线,世纪大道,done,1080,18,约18分钟,
2062,2,2号线,中山公园,8001,8,8号线,人民广场,done,540,9,约9分钟,
2062,2,2号线,中山公园,10001,10,10号线,虹桥火车站,done,1080,18,约18分钟,
2062,2,2号线,中山公园,10002,10,10号线,陕西南路,done,600,10,约10分钟,
2062,2,2号线,中山公园,10003,10,10号线,南京东路,done,600,10,约10分钟,
2062,2,2号线,中山公园,10004,10,10号线,五角场,done,1920,32,约32分钟,
2062,2,2号线,中山公园,4001,4,4号线,中山公园,done,300,5,约5分钟,
2062,2,2号线,中山公园,4002,4,4号线,上海火车站,done,720,12,约12分钟,
2062,2,2号线,中山公园,4003,4,4号线,世纪大道,done,1080,18,约18分钟,
2062,2,2号线,中山公园,9001,9,9号线,徐家汇,done,720,12,约12分钟,
2062,2,2号线,中山公园,9002,9,9号线,世纪大道,done,1080,18,约18分钟,
2063,2,2号线,静安寺,1054,1,1号线,上海火车站,done,600,10,约10分钟,
2063,2,2号线,静安寺,1055,1,1号线,汉中路,done,480,8,约8分钟,
2063,2,2号线,静安寺,1056,1,1号线,人民广场,done,360,6,约6分钟,
2063,2,2号线,静安寺,1057,1,1号线,陕西南路,done,360,6,约6分钟,
2063,2,2号线,静安寺,1058,1,1号线,徐家汇,done,600,10,约10分钟,
2063,2,2号线,静安寺,2061,2,2号线,虹桥火车站,done,1500,25,约25分钟,
2063,2,2号线,静安寺,2062,2,2号线,中山公园,done,300,5,约5分钟,
2063,2,2号线,静安寺,2063,2,2号线,静安寺,self,0,0,同一起点,
2063,2,2号线,静安寺,2064,2,2号线,人民广场,done,360,6,约6分钟,
2063,2,2号线,静安寺,2065,2,2号线,南京东路,done,480,8,约8分钟,
2063,2,2号线,静安寺,2066,2,2号线,陆家嘴,done,720,12,约12分钟,
2063,2,2号线,静安寺,2067,2,2号线,世纪大道,done,900,15,约15分钟,
2063,2,2号线,静安寺,8001,8,8号线,人民广场,done,360,6,约6分钟,
2063,2,2号线,静安寺,10001,10,10号线,虹桥火车站,done,1500,25,约25分钟,
2063,2,2号线,静安寺,10002,10,10号线,陕西南路,done,360,6,约6分钟,
2063,2,2号线,静安寺,10003,10,10号线,南京东路,done,480,8,约8分钟,
2063,2,2号线,静安寺,10004,10,10号线,五角场,done,1680,28,约28分钟,
2063,2,2号线,静安寺,4001,4,4号线,中山公园,done,300,5,约5分钟,
2063,2,2号线,静安寺,4002,4,4号线,上海火车站,done,600,10,约10分钟,
2063,2,2号线,静安寺,4003,4,4号线,世纪大道,done,900,15,约15分钟,
2063,2,2号线,静安寺,9001,9,9号线,徐家汇,done,600,10,约10分钟,
2063,2,2号线,静安寺,9002,9,9号线,世纪大道,done,900,15,约15分钟,
2064,2,2号线,人民广场,1054,1,1号线,上海火车站,done,420,7,约7分钟,
2064,2,2号线,人民广场,1055,1,1号线,汉中路,done,300,5,约5分钟,
2064,2,2号线,人民广场,1056,1,1号线,人民广场,done,300,5,约5分钟,
2064,2,2号线,人民广场,1057,1,1号线,陕西南路,done,480,8,约8分钟,
2064,2,2号线,人民广场,1058,1,1号线,徐家汇,done,720,12,约12分钟,
2064,2,2号线,人民广场,2061,2,2号线,虹桥火车站,done,1680,28,约28分钟,
2064,2,2号线,人民广场,2062,2,2号线,中山公园,done,540,9,约9分钟,
2064,2,2号线,人民广场,2063,2,2号线,静安寺,done,360,6,约6分钟,
2064,2,2号线,人民广场,2064,2,2号线,人民广场,self,0,0,同一起点,
2064,2,2号线,人民广场,2065,2,2号线,南京东路,done,240,4,约4分钟,
2064,2,2号线,人民广场,2066,2,2号线,陆家嘴,done,480,8,约8分钟,
2064,2,2号线,人民广场,2067,2,2号线,世纪大道,done,720,12,约12分钟,
2064,2,2号线,人民广场,8001,8,8号线,人民广场,done,300,5,约5分钟,
2064,2,2号线,人民广场,10001,10,10号线,虹桥火车站,done,1680,28,约28分钟,
2064,2,2号线,人民广场,10002,10,10号线,陕西南路,done,480,8,约8分钟,
2064,2,2号线,人民广场,10003,10,10号线,南京东路,done,240,4,约4分钟,
2064,2,2号线,人民广场,10004,10,10号线,五角场,done,1500,25,约25分钟,
2064,2,2号线,人民广场,4001,4,4号线,中山公园,done,540,9,约9分钟,
2064,2,2号线,人民广场,4002,4,4号线,上海火车站,done,420,7,约7分钟,
2064,2,2号线,人民广场,4003,4,4号线,世纪大道,done,720,12,约12分钟,
2064,2,2号线,人民广场,9001,9,9号线,徐家汇,done,720,12,约12分钟,
2064,2,2号线,人民广场,9002,9,9号线,世纪大道,done,720,12,约12分钟,
2065,2,2号线,南京东路,1054,1,1号线,上海火车站,done,480,8,约8分钟,
2065,2,2号线,南京东路,1055,1,1号线,汉中路,done,360,6,约6分钟,
2065,2,2号线,南京东路,1056,1,1号线,人民广场,done,240,4,约4分钟,
2065,2,2号线,南京东路,1057,1,1号线,陕西南路,done,540,9,约9分钟,
2065,2,2号线,南京东路,1058,1,1号线,徐家汇,done,840,14,约14分钟,
2065,2,2号线,南京东路,2061,2,2号线,虹桥火车站,done,1800,30,约30分钟,
2065,2,2号线,南京东路,2062,2,2号线,中山公园,done,600,10,约10分钟,
2065,2,2号线,南京东路,2063,2,2号线,静安寺,done,480,8,约8分钟,
2065,2,2号线,南京东路,2064,2,2号线,人民广场,done,240,4,约4分钟,
2065,2,2号线,南京东路,2065,2,2号线,南京东路,self,0,0,同一起点,
2065,2,2号线,南京东路,2066,2,2号线,陆家嘴,done,360,6,约6分钟,
2065,2,2号线,南京东路,2067,2,2号线,世纪大道,done,600,10,约10分钟,
2065,2,2号线,南京东路,8001,8,8号线,人民广场,done,240,4,约4分钟,
2065,2,2号线,南京东路,10001,10,10号线,虹桥火车站,done,1800,30,约30分钟,
2065,2,2号线,南京东路,10002,10,10号线,陕西南路,done,540,9,约9分钟,
2065,2,2号线,南京东路,10003,10,10号线,南京东路,done,300,5,约5分钟,
2065,2,2号线,南京东路,10004,10,10号线,五角场,done,1440,24,约24分钟,
2065,2,2号线,南京东路,4001,4,4号线,中山公园,done,600,10,约10分钟,
2065,2,2号线,南京东路,4002,4,4号线,上海火车站,done,480,8,约8分钟,
2065,2,2号线,南京东路,4003,4,4号线,世纪大道,done,600,10,约10分钟,
2065,2,2号线,南京东路,9001,9,9号线,徐家汇,done,840,14,约14分钟,
2065,2,2号线,南京东路,9002,9,9号线,世纪大道,done,600,10,约10分钟,
2066,2,2号线,陆家嘴,1054,1,1号线,上海火车站,done,900,15,约15分钟,
2066,2,2号线,陆家嘴,1055,1,1号线,汉中路,done,720,12,约12分钟,
2066,2,2号线,陆家嘴,1056,1,1号线,人民广场,done,480,8,约8分钟,
2066,2,2号线,陆家嘴,1057,1,1号线,陕西南路,done,900,15,约15分钟,
2066,2,2号线,陆家嘴,1058,1,1号线,徐家汇,done,1200,20,约20分钟,
2066,2,2号线,陆家嘴,2061,2,2号线,虹桥火车站,done,2100,35,约35分钟,
2066,2,2号线,陆家嘴,2062,2,2号线,中山公园,done,960,16,约16分钟,
2066,2,2号线,陆家嘴,2063,2,2号线,静安寺,done,720,12,约12分钟,
2066,2,2号线,陆家嘴,2064,2,2号线,人民广场,done,480,8,约8分钟,
2066,2,2号线,陆家嘴,2065,2,2号线,南京东路,done,360,6,约6分钟,
2066,2,2号线,陆家嘴,2066,2,2号线,陆家嘴,self,0,0,同一起点,
2066,2,2号线,陆家嘴,2067,2,2号线,世纪大道,done,300,5,约5分钟,
2066,2,2号线,陆家嘴,8001,8,8号线,人民广场,done,480,8,约8分钟,
2066,2,2号线,陆家嘴,10001,10,10号线,虹桥火车站,done,2100,35,约35分钟,
2066,2,2号线,陆家嘴,10002,10,10号线,陕西南路,done,900,15,约15分钟,
2066,2,2号线,陆家嘴,10003,10,10号线,南京东路,done,360,6,约6分钟,
2066,2,2号线,陆家嘴,10004,10,10号线,五角场,done,1320,22,约22分钟,
2066,2,2号线,陆家嘴,4001,4,4号线,中山公园,done,960,16,约16分钟,
2066,2,2号线,陆家嘴,4002,4,4号线,上海火车站,done,900,15,约15分钟,
2066,2,2号线,陆家嘴,4003,4,4号线,世纪大道,done,300,5,约5分钟,
2066,2,2号线,陆家嘴,9001,9,9号线,徐家汇,done,1200,20,约20分钟,
2066,2,2号线,陆家嘴,9002,9,9号线,世纪大道,done,300,5,约5分钟,
2067,2,2号线,世纪大道,1054,1,1号线,上海火车站,done,1020,17,约17分钟,
2067,2,2号线,世纪大道,1055,1,1号线,汉中路,done,900,15,约15分钟,
2067,2,2号线,世纪大道,1056,1,1号线,人民广场,done,720,12,约12分钟,
2067,2,2号线,世纪大道,1057,1,1号线,陕西南路,done,1020,17,约17分钟,
2067,2,2号线,世纪大道,1058,1,1号线,徐家汇,done,1080,18,约18分钟,
2067,2,2号线,世纪大道,2061,2,2号线,虹桥火车站,done,2280,38,约38分钟,
2067,2,2号线,世纪大道,2062,2,2号线,中山公园,done,1080,18,约18分钟,
2067,2,2号线,世纪大道,2063,2,2号线,静安寺,done,900,15,约15分钟,
2067,2,2号线,世纪大道,2064,2,2号线,人民广场,done,720,12,约12分钟,
2067,2,2号线,世纪大道,2065,2,2号线,南京东路,done,600,10,约10分钟,
2067,2,2号线,世纪大道,2066,2,2号线,陆家嘴,done,300,5,约5分钟,
2067,2,2号线,世纪大道,2067,2,2号线,世纪大道,self,0,0,同一起点,
2067,2,2号线,世纪大道,8001,8,8号线,人民广场,done,720,12,约12分钟,
2067,2,2号线,世纪大道,10001,10,10号线,虹桥火车站,done,2280,38,约38分钟,
2067,2,2号线,世纪大道,10002,10,10号线,陕西南路,done,1020,17,约17分钟,
2067,2,2号线,世纪大道,10003,10,10号线,南京东路,done,600,10,约10分钟,
2067,2,2号线,世纪大道,10004,10,10号线,五角场,done,1080,18,约18分钟,
2067,2,2号线,世纪大道,4001,4,4号线,中山公园,done,1080,18,约18分钟,
2067,2,2号线,世纪大道,4002,4,4号线,上海火车站,done,1020,17,约17分钟,
2067,2,2号线,世纪大道,4003,4,4号线,世纪大道,done,300,5,约5分钟,
2067,2,2号线,世纪大道,9001,9,9号线,徐家汇,done,1080,18,约18分钟,
2067,2,2号线,世纪大道,9002,9,9号线,世纪大道,done,300,5,约5分钟,
8001,8,8号线,人民广场,1054,1,1号线,上海火车站,done,420,7,约7分钟,
8001,8,8号线,人民广场,1055,1,1号线,汉中路,done,300,5,约5分钟,
8001,8,8号线,人民广场,1056,1,1号线,人民广场,done,300,5,约5分钟,
8001,8,8号线,人民广场,1057,1,1号线,陕西南路,done,480,8,约8分钟,
8001,8,8号线,人民广场,1058,1,1号线,徐家汇,done,720,12,约12分钟,
8001,8,8号线,人民广场,2061,2,2号线,虹桥火车站,done,1680,28,约28分钟,
8001,8,8号线,人民广场,2062,2,2号线,中山公园,done,540,9,约9分钟,
8001,8,8号线,人民广场,2063,2,2号线,静安寺,done,360,6,约6分钟,
8001,8,8号线,人民广场,2064,2,2号线,人民广场,done,300,5,约5分钟,
8001,8,8号线,人民广场,2065,2,2号线,南京东路,done,240,4,约4分钟,
8001,8,8号线,人民广场,2066,2,2号线,陆家嘴,done,480,8,约8分钟,
8001,8,8号线,人民广场,2067,2,2号线,世纪大道,done,720,12,约12分钟,
8001,8,8号线,人民广场,8001,8,8号线,人民广场,self,0,0,同一起点,
8001,8,8号线,人民广场,10001,10,10号线,虹桥火车站,done,1680,28,约28分钟,
8001,8,8号线,人民广场,10002,10,10号线,陕西南路,done,480,8,约8分钟,
8001,8,8号线,人民广场,10003,10,10号线,南京东路,done,240,4,约4分钟,
8001,8,8号线,人民广场,10004,10,10号线,五角场,done,1500,25,约25分钟,
8001,8,8号线,人民广场,4001,4,4号线,中山公园,done,540,9,约9分钟,
8001,8,8号线,人民广场,4002,4,4号线,上海火车站,done,420,7,约7分钟,
8001,8,8号线,人民广场,4003,4,4号线,世纪大道,done,720,12,约12分钟,
8001,8,8号线,人民广场,9001,9,9号线,徐家汇,done,720,12,约12分钟,
8001,8,8号线,人民广场,9002,9,9号线,世纪大道,done,720,12,约12分钟,
10001,10,10号线,虹桥火车站,1054,1,1号线,上海火车站,done,1920,32,约32分钟,
10001,10,10号线,虹桥火车站,1055,1,1号线,汉中路,done,1800,30,约30分钟,
10001,10,10号线,虹桥火车站,1056,1,1号线,人民广场,done,1680,28,约28分钟,
10001,10,10号线,虹桥火车站,1057,1,1号线,陕西南路,done,1680,28,约28分钟,
10001,10,10号线,虹桥火车站,1058,1,1号线,徐家汇,done,1800,30,约30分钟,
10001,10,10号线,虹桥火车站,2061,2,2号线,虹桥火车站,done,300,5,约5分钟,
10001,10,10号线,虹桥火车站,2062,2,2号线,中山公园,done,1080,18,约18分钟,
10001,10,10号线,虹桥火车站,2063,2,2号线,静安寺,done,1500,25,约25分钟,
10001,10,10号线,虹桥火车站,2064,2,2号线,人民广场,done,1680,28,约28分钟,
10001,10,10号线,虹桥火车站,2065,2,2号线,南京东路,done,1800,30,约30分钟,
10001,10,10号线,虹桥火车站,2066,2,2号线,陆家嘴,done,2100,35,约35分钟,
10001,10,10号线,虹桥火车站,2067,2,2号线,世纪大道,done,2280,38,约38分钟,
10001,10,10号线,虹桥火车站,8001,8,8号线,人民广场,done,1680,28,约28分钟,
10001,10,10号线,虹桥火车站,10001,10,10号线,虹桥火车站,self,0,0,同一起点,
10001,10,10号线,虹桥火车站,10002,10,10号线,陕西南路,done,1680,28,约28分钟,
10001,10,10号线,虹桥火车站,10003,10,10号线,南京东路,done,1800,30,约30分钟,
10001,10,10号线,虹桥火车站,10004,10,10号线,五角场,done,2400,40,约40分钟,
10001,10,10号线,虹桥火车站,4001,4,4号线,中山公园,done,1080,18,约18分钟,
10001,10,10号线,虹桥火车站,4002,4,4号线,上海火车站,done,1920,32,约32分钟,
10001,10,10号线,虹桥火车站,4003,4,4号线,世纪大道,done,2280,38,约38分钟,
10001,10,10号线,虹桥火车站,9001,9,9号线,徐家汇,done,1800,30,约30分钟,
10001,10,10号线,虹桥火车站,9002,9,9号线,世纪大道,done,2280,38,约38分钟,
10002,10,10号线,陕西南路,1054,1,1号线,上海火车站,done,720,12,约12分钟,
10002,10,10号线,陕西南路,1055,1,1号线,汉中路,done,600,10,约10分钟,
10002,10,10号线,陕西南路,1056,1,1号线,人民广场,done,480,8,约8分钟,
10002,10,10号线,陕西南路,1057,1,1号线,陕西南路,done,300,5,约5分钟,
10002,10,10号线,陕西南路,1058,1,1号线,徐家汇,done,300,5,约5分钟,
10002,10,10号线,陕西南路,2061,2,2号线,虹桥火车站,done,1680,28,约28分钟,
10002,10,10号线,陕西南路,2062,2,2号线,中山公园,done,600,10,约10分钟,
10002,10,10号线,陕西南路,2063,2,2号线,静安寺,done,360,6,约6分钟,
10002,10,10号线,陕西南路,2064,2,2号线,人民广场,done,480,8,约8分钟,
10002,10,10号线,陕西南路,2065,2,2号线,南京东路,done,540,9,约9分钟,
10002,10,10号线,陕西南路,2066,2,2号线,陆家嘴,done,900,15,约15分钟,
10002,10,10号线,陕西南路,2067,2,2号线,世纪大道,done,1020,17,约17分钟,
10002,10,10号线,陕西南路,8001,8,8号线,人民广场,done,480,8,约8分钟,
10002,10,10号线,陕西南路,10001,10,10号线,虹桥火车站,done,1680,28,约28分钟,
10002,10,10号线,陕西南路,10002,10,10号线,陕西南路,self,0,0,同一起点,
10002,10,10号线,陕西南路,10003,10,10号线,南京东路,done,540,9,约9分钟,
10002,10,10号线,陕西南路,10004,10,10号线,五角场,done,1560,26,约26分钟,
10002,10,10号线,陕西南路,4001,4,4号线,中山公园,done,600,10,约10分钟,
10002,10,10号线,陕西南路,4002,4,4号线,上海火车站,done,720,12,约12分钟,
10002,10,10号线,陕西南路,4003,4,4号线,世纪大道,done,1020,17,约17分钟,
10002,10,10号线,陕西南路,9001,9,9号线,徐家汇,done,300,5,约5分钟,
10002,10,10号线,陕西南路,9002,9,9号线,世纪大道,done,1020,17,约17分钟,
10003,10,10号线,南京东路,1054,1,1号线,上海火车站,done,480,8,约8分钟,
10003,10,10号线,南京东路,1055,1,1号线,汉中路,done,360,6,约6分钟,
10003,10,10号线,南京东路,1056,1,1号线,人民广场,done,240,4,约4分钟,
10003,10,10号线,南京东路,1057,1,1号线,陕西南路,done,540,9,约9分钟,
10003,10,10号线,南京东路,1058,1,1号线,徐家汇,done,840,14,约14分钟,
10003,10,10号线,南京东路,2061,2,2号线,虹桥火车站,done,1800,30,约30分钟,
10003,10,10号线,南京东路,2062,2,2号线,中山公园,done,600,10,约10分钟,
10003,10,10号线,南京东路,2063,2,2号线,静安寺,done,480,8,约8分钟,
10003,10,10号线,南京东路,2064,2,2号线,人民广场,done,240,4,约4分钟,
10003,10,10号线,南京东路,2065,2,2号线,南京东路,done,300,5,约5分钟,
10003,10,10号线,南京东路,2066,2,2号线,陆家嘴,done,360,6,约6分钟,
10003,10,10号线,南京东路,2067,2,2号线,世纪大道,done,600,10,约10分钟,
10003,10,10号线,南京东路,8001,8,8号线,人民广场,done,240,4,约4分钟,
10003,10,10号线,南京东路,10001,10,10号线,虹桥火车站,done,1800,30,约30分钟,
10003,10,10号线,南京东路,10002,10,10号线,陕西南路,done,540,9,约9分钟,
10003,10,10号线,南京东路,10003,10,10号线,南京东路,self,0,0,同一起点,
10003,10,10号线,南京东路,10004,10,10号线,五角场,done,1440,24,约24分钟,
10003,10,10号线,南京东路,4001,4,4号线,中山公园,done,600,10,约10分钟,
10003,10,10号线,南京东路,4002,4,4号线,上海火车站,done,480,8,约8分钟,
10003,10,10号线,南京东路,4003,4,4号线,世纪大道,done,600,10,约10分钟,
10003,10,10号线,南京东路,9001,9,9号线,徐家汇,done,840,14,约14分钟,
10003,10,10号线,南京东路,9002,9,9号线,世纪大道,done,600,10,约10分钟,
10004,10,10号线,五角场,1054,1,1号线,上海火车站,done,1800,30,约30分钟,
10004,10,10号线,五角场,1055,1,1号线,汉中路,done,1680,28,约28分钟,
10004,10,10号线,五角场,1056,1,1号线,人民广场,done,1500,25,约25分钟,
10004,10,10号线,五角场,1057,1,1号线,陕西南路,done,1560,26,约26分钟,
10004,10,10号线,五角场,1058,1,1号线,徐家汇,done,1800,30,约30分钟,
10004,10,10号线,五角场,2061,2,2号线,虹桥火车站,done,2400,40,约40分钟,
10004,10,10号线,五角场,2062,2,2号线,中山公园,done,1920,32,约32分钟,
10004,10,10号线,五角场,2063,2,2号线,静安寺,done,1680,28,约28分钟,
10004,10,10号线,五角场,2064,2,2号线,人民广场,done,1500,25,约25分钟,
10004,10,10号线,五角场,2065,2,2号线,南京东路,done,1440,24,约24分钟,
10004,10,10号线,五角场,2066,2,2号线,陆家嘴,done,1320,22,约22分钟,
10004,10,10号线,五角场,2067,2,2号线,世纪大道,done,1080,18,约18分钟,
10004,10,10号线,五角场,8001,8,8号线,人民广场,done,1500,25,约25分钟,
10004,10,10号线,五角场,10001,10,10号线,虹桥火车站,done,2400,40,约40分钟,
10004,10,10号线,五角场,10002,10,10号线,陕西南路,done,1560,26,约26分钟,
10004,10,10号线,五角场,10003,10,10号线,南京东路,done,1440,24,约24分钟,
10004,10,10号线,五角场,10004,10,10号线,五角场,self,0,0,同一起点,
10004,10,10号线,五角场,4001,4,4号线,中山公园,done,1920,32,约32分钟,
10004,10,10号线,五角场,4002,4,4号线,上海火车站,done,1800,30,约30分钟,
10004,10,10号线,五角场,4003,4,4号线,世纪大道,done,1080,18,约18分钟,
10004,10,10号线,五角场,9001,9,9号线,徐家汇,done,1800,30,约30分钟,
10004,10,10号线,五角场,9002,9,9号线,世纪大道,done,1080,18,约18分钟,
4001,4,4号线,中山公园,1054,1,1号线,上海火车站,done,720,12,约12分钟,
4001,4,4号线,中山公园,1055,1,1号线,汉中路,done,600,10,约10分钟,
4001,4,4号线,中山公园,1056,1,1号线,人民广场,done,540,9,约9分钟,
4001,4,4号线,中山公园,1057,1,1号线,陕西南路,done,600,10,约10分钟,
4001,4,4号线,中山公园,1058,1,1号线,徐家汇,done,720,12,约12分钟,
4001,4,4号线,中山公园,2061,2,2号线,虹桥火车站,done,1080,18,约18分钟,
4001,4,4号线,中山公园,2062,2,2号线,中山公园,done,300,5,约5分钟,
4001,4,4号线,中山公园,2063,2,2号线,静安寺,done,300,5,约5分钟,
4001,4,4号线,中山公园,2064,2,2号线,人民广场,done,540,9,约9分钟,
4001,4,4号线,中山公园,2065,2,2号线,南京东路,done,600,10,约10分钟,
4001,4,4号线,中山公园,2066,2,2号线,陆家嘴,done,960,16,约16分钟,
4001,4,4号线,中山公园,2067,2,2号线,世纪大道,done,1080,18,约18分钟,
4001,4,4号线,中山公园,8001,8,8号线,人民广场,done,540,9,约9分钟,
4001,4,4号线,中山公园,10001,10,10号线,虹桥火车站,done,1080,18,约18分钟,
4001,4,4号线,中山公园,10002,10,10号线,陕西南路,done,600,10,约10分钟,
4001,4,4号线,中山公园,10003,10,10号线,南京东路,done,600,10,约10分钟,
4001,4,4号线,中山公园,10004,10,10号线,五角场,done,1920,32,约32分钟,
4001,4,4号线,中山公园,4001,4,4号线,中山公园,self,0,0,同一起点,
4001,4,4号线,中山公园,4002,4,4号线,上海火车站,done,720,12,约12分钟,
4001,4,4号线,中山公园,4003,4,4号线,世纪大道,done,1080,18,约18分钟,
4001,4,4号线,中山公园,9001,9,9号线,徐家汇,done,720,12,约12分钟,
4001,4,4号线,中山公园,9002,9,9号线,世纪大道,done,1080,18,约18分钟,
4002,4,4号线,上海火车站,1054,1,1号线,上海火车站,done,300,5,约5分钟,
4002,4,4号线,上海火车站,1055,1,1号线,汉中路,done,180,3,约3分钟,
4002,4,4号线,上海火车站,1056,1,1号线,人民广场,done,420,7,约7分钟,
4002,4,4号线,上海火车站,1057,1,1号线,陕西南路,done,720,12,约12分钟,
4002,4,4号线,上海火车站,1058,1,1号线,徐家汇,done,960,16,约16分钟,
4002,4,4号线,上海火车站,2061,2,2号线,虹桥火车站,done,1920,32,约32分钟,
4002,4,4号线,上海火车站,2062,2,2号线,中山公园,done,720,12,约12分钟,
4002,4,4号线,上海火车站,2063,2,2号线,静安寺,done,600,10,约10分钟,
4002,4,4号线,上海火车站,2064,2,2号线,人民广场,done,420,7,约7分钟,
4002,4,4号线,上海火车站,2065,2,2号线,南京东路,done,480,8,约8分钟,
4002,4,4号线,上海火车站,2066,2,2号线,陆家嘴,done,900,15,约15分钟,
4002,4,4号线,上海火车站,2067,2,2号线,世纪大道,done,1020,17,约17分钟,
4002,4,4号线,上海火车站,8001,8,8号线,人民广场,done,420,7,约7分钟,
4002,4,4号线,上海火车站,10001,10,10号线,虹桥火车站,done,1920,32,约32分钟,
4002,4,4号线,上海火车站,10002,10,10号线,陕西南路,done,720,12,约12分钟,
4002,4,4号线,上海火车站,10003,10,10号线,南京东路,done,480,8,约8分钟,
4002,4,4号线,上海火车站,10004,10,10号线,五角场,done,1800,30,约30分钟,
4002,4,4号线,上海火车站,4001,4,4号线,中山公园,done,720,12,约12分钟,
4002,4,4号线,上海火车站,4002,4,4号线,上海火车站,self,0,0,同一起点,
4002,4,4号线,上海火车站,4003,4,4号线,世纪大道,done,1020,17,约17分钟,
4002,4,4号线,上海火车站,9001,9,9号线,徐家汇,done,960,16,约16分钟,
4002,4,4号线,上海火车站,9002,9,9号线,世纪大道,done,1020,17,约17分钟,
4003,4,4号线,世纪大道,1054,1,1号线,上海火车站,done,1020,17,约17分钟,
4003,4,4号线,世纪大道,1055,1,1号线,汉中路,done,900,15,约15分钟,
4003,4,4号线,世纪大道,1056,1,1号线,人民广场,done,720,12,约12分钟,
4003,4,4号线,世纪大道,1057,1,1号线,陕西南路,done,1020,17,约17分钟,
4003,4,4号线,世纪大道,1058,1,1号线,徐家汇,done,1080,18,约18分钟,
4003,4,4号线,世纪大道,2061,2,2号线,虹桥火车站,done,2280,38,约38分钟,
4003,4,4号线,世纪大道,2062,2,2号线,中山公园,done,1080,18,约18分钟,
4003,4,4号线,世纪大道,2063,2,2号线,静安寺,done,900,15,约15分钟,
4003,4,4号线,世纪大道,2064,2,2号线,人民广场,done,720,12,约12分钟,
4003,4,4号线,世纪大道,2065,2,2号线,南京东路,done,600,10,约10分钟,
4003,4,4号线,世纪大道,2066,2,2号线,陆家嘴,done,300,5,约5分钟,
4003,4,4号线,世纪大道,2067,2,2号线,世纪大道,done,300,5,约5分钟,
4003,4,4号线,世纪大道,8001,8,8号线,人民广场,done,720,12,约12分钟,
4003,4,4号线,世纪大道,10001,10,10号线,虹桥火车站,done,2280,38,约38分钟,
4003,4,4号线,世纪大道,10002,10,10号线,陕西南路,done,1020,17,约17分钟,
4003,4,4号线,世纪大道,10003,10,10号线,南京东路,done,600,10,约10分钟,
4003,4,4号线,世纪大道,10004,10,10号线,五角场,done,1080,18,约18分钟,
4003,4,4号线,世纪大道,4001,4,4号线,中山公园,done,1080,18,约18分钟,
4003,4,4号线,世纪大道,4002,4,4号线,上海火车站,done,1020,17,约17分钟,
4003,4,4号线,世纪大道,4003,4,4号线,世纪大道,self,0,0,同一起点,
4003,4,4号线,世纪大道,9001,9,9号线,徐家汇,done,1080,18,约18分钟,
4003,4,4号线,世纪大道,9002,9,9号线,世纪大道,done,300,5,约5分钟,
9001,9,9号线,徐家汇,1054,1,1号线,上海火车站,done,960,16,约16分钟,
9001,9,9号线,徐家汇,1055,1,1号线,汉中路,done,840,14,约14分钟,
9001,9,9号线,徐家汇,1056,1,1号线,人民广场,done,720,12,约12分钟,
9001,9,9号线,徐家汇,1057,1,1号线,陕西南路,done,300,5,约5分钟,
9001,9,9号线,徐家汇,1058,1,1号线,徐家汇,done,300,5,约5分钟,
9001,9,9号线,徐家汇,2061,2,2号线,虹桥火车站,done,1800,30,约30分钟,
9001,9,9号线,徐家汇,2062,2,2号线,中山公园,done,720,12,约12分钟,
9001,9,9号线,徐家汇,2063,2,2号线,静安寺,done,600,10,约10分钟,
9001,9,9号线,徐家汇,2064,2,2号线,人民广场,done,720,12,约12分钟,
9001,9,9号线,徐家汇,2065,2,2号线,南京东路,done,840,14,约14分钟,
9001,9,9号线,徐家汇,2066,2,2号线,陆家嘴,done,1200,20,约20分钟,
9001,9,9号线,徐家汇,2067,2,2号线,世纪大道,done,1080,18,约18分钟,
9001,9,9号线,徐家汇,8001,8,8号线,人民广场,done,720,12,约12分钟,
9001,9,9号线,徐家汇,10001,10,10号线,虹桥火车站,done,1800,30,约30分钟,
9001,9,9号线,徐家汇,10002,10,10号线,陕西南路,done,300,5,约5分钟,
9001,9,9号线,徐家汇,10003,10,10号线,南京东路,done,840,14,约14分钟,
9001,9,9号线,徐家汇,10004,10,10号线,五角场,done,1800,30,约30分钟,
9001,9,9号线,徐家汇,4001,4,4号线,中山公园,done,720,12,约12分钟,
9001,9,9号线,徐家汇,4002,4,4号线,上海火车站,done,960,16,约16分钟,
9001,9,9号线,徐家汇,4003,4,4号线,世纪大道,done,1080,18,约18分钟,
9001,9,9号线,徐家汇,9001,9,9号线,徐家汇,self,0,0,同一起点,
9001,9,9号线,徐家汇,9002,9,9号线,世纪大道,done,1080,18,约18分钟,
9002,9,9号线,世纪大道,1054,1,1号线,上海火车站,done,1020,17,约17分钟,
9002,9,9号线,世纪大道,1055,1,1号线,汉中路,done,900,15,约15分钟,
9002,9,9号线,世纪大道,1056,1,1号线,人民广场,done,720,12,约12分钟,
9002,9,9号线,世纪大道,1057,1,1号线,陕西南路,done,1020,17,约17分钟,
9002,9,9号线,世纪大道,1058,1,1号线,徐家汇,done,1080,18,约18分钟,
9002,9,9号线,世纪大道,2061,2,2号线,虹桥火车站,done,2280,38,约38分钟,
9002,9,9号线,世纪大道,2062,2,2号线,中山公园,done,1080,18,约18分钟,
9002,9,9号线,世纪大道,2063,2,2号线,静安寺,done,900,15,约15分钟,
9002,9,9号线,世纪大道,2064,2,2号线,人民广场,done,720,12,约12分钟,
9002,9,9号线,世纪大道,2065,2,2号线,南京东路,done,600,10,约10分钟,
9002,9,9号线,世纪大道,2066,2,2号线,陆家嘴,done,300,5,约5分钟,
9002,9,9号线,世纪大道,2067,2,2号线,世纪大道,done,300,5,约5分钟,
9002,9,9号线,世纪大道,8001,8,8号线,人民广场,done,720,12,约12分钟,
9002,9,9号线,世纪大道,10001,10,10号线,虹桥火车站,done,2280,38,约38分钟,
9002,9,9号线,世纪大道,10002,10,10号线,陕西南路,done,1020,17,约17分钟,
9002,9,9号线,世纪大道,10003,10,10号线,南京东路,done,600,10,约10分钟,
9002,9,9号线,世纪大道,10004,10,10号线,五角场,done,1080,18,约18分钟,
9002,9,9号线,世纪大道,4001,4,4号线,中山公园,done,1080,18,约18分钟,
9002,9,9号线,世纪大道,4002,4,4号线,上海火车站,done,1020,17,约17分钟,
9002,9,9号线,世纪大道,4003,4,4号线,世纪大道,done,300,5,约5分钟,
9002,9,9号线,世纪大道,9001,9,9号线,徐家汇,done,1080,18,约18分钟,
9002,9,9号线,世纪大道,9002,9,9号线,世纪大道,self,0,0,同一起点,
